firstname,lastname,username,email
Wilmer,Rivero Nina,6977297,wil_river18@hotmail.com
Freddy,Monasterios Yapu,4373624,monfreddy@yahoo.com
Duffy Edwin,Ramos Poma,4763933,duffyedwinramos@gmail.com
Gonzalo,Huanca Quispe,4842365,gonzalohuancaq@gmail.com
Diego Dieter,Ramos Poma,9224718,dearthdie@gmail.com
WILDER,FLORES FERNANDEZ,7316124,wilderfloresfernandez@gmail.com
WIMER ROMER,BALBOA LAURA,9957474,wilmerromerbalboalaura1@gmail.com
EVER,CHÁVEZ RAMOS,8441286,ever15melissapa@gmail.com
Alejandro,Lopez Quispe,6943439,alelopezq76@gmail.com
Grober,Quisbert Quilla,6823257,grober86@hotmail.com
WILFREDO,ALTAMIRANO MORALES,5291338,altamiranowilly@gmail.com
CELSO,GUZMAN VIA,4489110,celso_alcon@hotmail.com
JOSE,GARCIA ALVAREZ,5291533,josegarcialeyto@gmail.com
OSCAR,VARGAS ALMANZA,4421247,osvar44@gmail.com
CARLOS GERARDO,PINTO BALLON,2640785-1R,pibacage@gmail.com
Gabriel,Serrano Lopez,7022888,agro_ingabriel@hotmail.com
Hernan,Cahuaya Huañapaco,4777172,hernancahuaya2@gmail.com
Gaimer Geronimo Manuel,Cruz,6900447,gaimer3009@gmail.com
Hafid,Quispe Callejas,6981266,hafidquispecallejas@gmail.com
Alvaro,Mamani Cruz,8335619,varo92.tigre@gmail.com
Alvaro Saddam,Quinteros Averanga,10921796,quinterosalvaro0108@gmail.com
